{"cameraMode":{"drawMode":0,"name":"Shaded","section":"Shading Mode"},"sceneLighting":false,"audioPlay":false,"sceneViewState":{"showFog":true,"showMaterialUpdate":false,"showSkybox":true,"showFlares":true,"showImageEffects":true,"showParticleSystems":true,"showVisualEffectGraphs":true,"m_FxEnabled":true},"in2DMode":false,"pivot":{"x":-1.6314845085144044,"y":2.1937036514282228,"z":-0.08213090896606446},"rotation":{"x":0.012291918508708477,"y":0.984897255897522,"z":-0.1537013202905655,"w":0.07876323163509369},"size":2.2930145263671877,"orthographic":false}