{"cameraMode":{"drawMode":0,"name":"Shaded","section":"Shading Mode"},"sceneLighting":true,"audioPlay":false,"sceneViewState":{"showFog":true,"showMaterialUpdate":false,"showSkybox":true,"showFlares":true,"showImageEffects":true,"showParticleSystems":true,"showVisualEffectGraphs":true,"m_FxEnabled":true},"in2DMode":false,"pivot":{"x":48.661746978759769,"y":8.851167678833008,"z":-15.915670394897461},"rotation":{"x":-0.036653660237789157,"y":0.9579842686653137,"z":-0.24590341746807099,"w":-0.14348798990249635},"size":3.088125228881836,"orthographic":false}