{"cameraMode":{"drawMode":0,"name":"Shaded","section":"Shading Mode"},"sceneLighting":false,"audioPlay":false,"sceneViewState":{"showFog":false,"showMaterialUpdate":false,"showSkybox":false,"showFlares":false,"showImageEffects":false,"showParticleSystems":false,"showVisualEffectGraphs":true,"m_FxEnabled":true},"in2DMode":false,"pivot":{"x":-0.0024680495262145998,"y":1.4454394578933716,"z":0.019888758659362794},"rotation":{"x":-0.2853298783302307,"y":-0.6922709941864014,"z":0.35148975253105166,"w":-0.5619866251945496},"size":1.8507709503173829,"orthographic":false}