{"cameraMode":{"drawMode":0,"name":"Shaded","section":"Shading Mode"},"sceneLighting":false,"audioPlay":false,"sceneViewState":{"showFog":false,"showMaterialUpdate":false,"showSkybox":false,"showFlares":false,"showImageEffects":false,"showParticleSystems":false,"showVisualEffectGraphs":true,"m_FxEnabled":true},"in2DMode":false,"pivot":{"x":-0.0013057589530944825,"y":1.4924131631851197,"z":0.03390622138977051},"rotation":{"x":0.01728031598031521,"y":-0.9820111393928528,"z":0.11274515837430954,"w":0.1505351960659027},"size":3.435185670852661,"orthographic":false}