{"cameraMode":{"drawMode":0,"name":"Shaded","section":"Shading Mode"},"sceneLighting":true,"audioPlay":false,"sceneViewState":{"showFog":true,"showMaterialUpdate":false,"showSkybox":true,"showFlares":true,"showImageEffects":true,"showParticleSystems":true,"showVisualEffectGraphs":true,"m_FxEnabled":true},"in2DMode":false,"pivot":{"x":0.10425806045532227,"y":1.1940540075302125,"z":-0.8044164180755615},"rotation":{"x":-0.033320870250463489,"y":0.6154029965400696,"z":-0.026053331792354585,"w":-0.7870764136314392},"size":14.346640586853028,"orthographic":false}