{"cameraMode":{"drawMode":0,"name":"Shaded","section":"Shading Mode"},"sceneLighting":true,"audioPlay":false,"sceneViewState":{"showFog":true,"showMaterialUpdate":false,"showSkybox":true,"showFlares":true,"showImageEffects":true,"showParticleSystems":true,"showVisualEffectGraphs":true,"m_FxEnabled":true},"in2DMode":false,"pivot":{"x":1.0444108247756959,"y":2.413815498352051,"z":0.04770702123641968},"rotation":{"x":-0.041774895042181018,"y":-0.5793811082839966,"z":0.02975359931588173,"w":-0.8134468197822571},"size":10.04476261138916,"orthographic":false}