{"cameraMode":{"drawMode":0,"name":"Shaded","section":"Shading Mode"},"sceneLighting":false,"audioPlay":false,"sceneViewState":{"showFog":false,"showMaterialUpdate":false,"showSkybox":false,"showFlares":false,"showImageEffects":false,"showParticleSystems":false,"showVisualEffectGraphs":true,"m_FxEnabled":true},"in2DMode":false,"pivot":{"x":-0.00750809907913208,"y":1.3842077255249024,"z":0.014652729034423828},"rotation":{"x":-0.061611782759428027,"y":0.9372658133506775,"z":-0.21778398752212525,"w":-0.26515549421310427},"size":1.3680708408355713,"orthographic":false}