{"cameraMode":{"drawMode":0,"name":"Shaded","section":"Shading Mode"},"sceneLighting":false,"audioPlay":false,"sceneViewState":{"showFog":false,"showMaterialUpdate":false,"showSkybox":false,"showFlares":false,"showImageEffects":false,"showParticleSystems":false,"showVisualEffectGraphs":true,"m_FxEnabled":true},"in2DMode":false,"pivot":{"x":-0.0024680495262145998,"y":1.445439338684082,"z":0.019888758659362794},"rotation":{"x":-0.08014276623725891,"y":0.8934348821640015,"z":-0.17674954235553742,"w":-0.40510618686676028},"size":2.075019359588623,"orthographic":false}