{"cameraMode":{"drawMode":0,"name":"Shaded","section":"Shading Mode"},"sceneLighting":false,"audioPlay":false,"sceneViewState":{"showFog":false,"showMaterialUpdate":false,"showSkybox":false,"showFlares":false,"showImageEffects":false,"showParticleSystems":false,"showVisualEffectGraphs":true,"m_FxEnabled":true},"in2DMode":false,"pivot":{"x":-0.002468109130859375,"y":1.445439338684082,"z":0.019888758659362794},"rotation":{"x":-0.0017393656307831407,"y":0.9797681570053101,"z":-0.19994501769542695,"w":-0.008523297496140004},"size":2.3750193119049074,"orthographic":false}