{"cameraMode":{"drawMode":0,"name":"Shaded","section":"Shading Mode"},"sceneLighting":false,"audioPlay":false,"sceneViewState":{"showFog":false,"showMaterialUpdate":false,"showSkybox":false,"showFlares":false,"showImageEffects":false,"showParticleSystems":false,"showVisualEffectGraphs":true,"m_FxEnabled":true},"in2DMode":false,"pivot":{"x":-0.3925173282623291,"y":-0.18699194490909577,"z":0.015598535537719727},"rotation":{"x":0.008260582573711872,"y":0.9443838000297546,"z":0.02379484474658966,"w":-0.32791179418563845},"size":0.5750194787979126,"orthographic":false}