{"cameraMode":{"drawMode":0,"name":"Shaded","section":"Shading Mode"},"sceneLighting":false,"audioPlay":false,"sceneViewState":{"showFog":false,"showMaterialUpdate":false,"showSkybox":false,"showFlares":false,"showImageEffects":false,"showParticleSystems":false,"showVisualEffectGraphs":true,"m_FxEnabled":true},"in2DMode":false,"pivot":{"x":0.00007271766662597656,"y":1.7219667434692383,"z":-0.05748474597930908},"rotation":{"x":-0.10542359203100205,"y":-0.21976594626903535,"z":0.02389632537961006,"w":-0.969545841217041},"size":4.303078651428223,"orthographic":false}