{"cameraMode":{"drawMode":0,"name":"Shaded","section":"Shading Mode"},"sceneLighting":true,"audioPlay":false,"sceneViewState":{"showFog":true,"showMaterialUpdate":false,"showSkybox":true,"showFlares":true,"showImageEffects":true,"showParticleSystems":true,"showVisualEffectGraphs":true,"m_FxEnabled":true},"in2DMode":false,"pivot":{"x":-15.961905479431153,"y":15.910467147827149,"z":0.7978149652481079},"rotation":{"x":0.09155706316232681,"y":0.7519358992576599,"z":-0.10702930390834809,"w":0.6441085934638977},"size":6.920832633972168,"orthographic":false}