{"cameraMode":{"drawMode":0,"name":"Shaded","section":"Shading Mode"},"sceneLighting":true,"audioPlay":false,"sceneViewState":{"showFog":true,"showMaterialUpdate":false,"showSkybox":true,"showFlares":true,"showImageEffects":true,"showParticleSystems":true,"showVisualEffectGraphs":true,"m_FxEnabled":true},"in2DMode":false,"pivot":{"x":37.231422424316409,"y":3.0127594470977785,"z":-19.708309173583986},"rotation":{"x":0.011833641678094864,"y":0.9842315912246704,"z":-0.1611730307340622,"w":0.07278132438659668},"size":9.951103210449219,"orthographic":false}