{"cameraMode":{"drawMode":0,"name":"Shaded","section":"Shading Mode"},"sceneLighting":true,"audioPlay":false,"sceneViewState":{"showFog":true,"showMaterialUpdate":false,"showSkybox":true,"showFlares":true,"showImageEffects":true,"showParticleSystems":true,"showVisualEffectGraphs":true,"m_FxEnabled":true},"in2DMode":false,"pivot":{"x":-0.7671542763710022,"y":0.5489685535430908,"z":-9.129132270812989},"rotation":{"x":0.009330395609140396,"y":0.9748375415802002,"z":-0.21882112324237824,"w":0.04156804457306862},"size":13.994876861572266,"orthographic":false}