{"cameraMode":{"drawMode":0,"name":"Shaded","section":"Shading Mode"},"sceneLighting":true,"audioPlay":false,"sceneViewState":{"showFog":true,"showMaterialUpdate":false,"showSkybox":true,"showFlares":true,"showImageEffects":true,"showParticleSystems":true,"showVisualEffectGraphs":true,"m_FxEnabled":true},"in2DMode":false,"pivot":{"x":40.960716247558597,"y":9.30832290649414,"z":-14.043573379516602},"rotation":{"x":0.044977616518735889,"y":0.9251681566238403,"z":-0.11608374863862992,"w":0.35876765847206118},"size":6.291173458099365,"orthographic":false}