{"cameraMode":{"drawMode":0,"name":"Shaded","section":"Shading Mode"},"sceneLighting":true,"audioPlay":false,"sceneViewState":{"showFog":true,"showMaterialUpdate":false,"showSkybox":true,"showFlares":true,"showImageEffects":true,"showParticleSystems":true,"showVisualEffectGraphs":true,"m_FxEnabled":true},"in2DMode":false,"pivot":{"x":3.810072660446167,"y":3.2719666957855226,"z":-10.047484397888184},"rotation":{"x":-0.07760817557573319,"y":-0.45418062806129458,"z":0.039756983518600467,"w":-0.8866313099861145},"size":17.74751853942871,"orthographic":false}