{"cameraMode":{"drawMode":0,"name":"Shaded","section":"Shading Mode"},"sceneLighting":false,"audioPlay":false,"sceneViewState":{"showFog":false,"showMaterialUpdate":false,"showSkybox":false,"showFlares":false,"showImageEffects":false,"showParticleSystems":false,"showVisualEffectGraphs":true,"m_FxEnabled":true},"in2DMode":false,"pivot":{"x":-0.0024680495262145998,"y":1.4454394578933716,"z":0.019888758659362794},"rotation":{"x":-0.009705818258225918,"y":0.9795978665351868,"z":-0.04883371293544769,"w":-0.1947009414434433},"size":2.075019598007202,"orthographic":false}