{"cameraMode":{"drawMode":0,"name":"Shaded","section":"Shading Mode"},"sceneLighting":false,"audioPlay":false,"sceneViewState":{"showFog":false,"showMaterialUpdate":false,"showSkybox":false,"showFlares":false,"showImageEffects":false,"showParticleSystems":false,"showVisualEffectGraphs":true,"m_FxEnabled":true},"in2DMode":false,"pivot":{"x":0.00005739927291870117,"y":0.9378975629806519,"z":0.0014063119888305665},"rotation":{"x":-0.07270660996437073,"y":0.6765297651290894,"z":-0.06740754097700119,"w":-0.7297118902206421},"size":1.3655706644058228,"orthographic":false}